{
  "type": "panel",
  "name": "Status Panel",
  "id": "vonage-status-panel",

  "info": {
    "description": "Status Panel for Grafana",
    "author": {
      "name": "Tomer Amir",
      "url": "https://github.com/Vonage"
    },
    "keywords": ["status", "panel"],
    "logos": {
      "small": "img/icon_status_panel.svg",
      "large": "img/icon_status_panel.svg"
    },
    "links": [
      {"name": "Github", "url": "https://github.com/Vonage/Grafana_Status_panel"}
    ],
    "screenshots": [
      {"name": "Environment Snapshot", "path": "img/environment_snapshot.png"},
      {"name": "Ok State", "path": "img/ok.png"},
      {"name": "Warning State", "path": "img/warning.png"},
      {"name": "Critical State", "path": "img/error.png"}
    ],
    "version": "1.0.8",
    "updated": "2018-3-28"
  },

  "dependencies": {
    "grafanaVersion": "3.x.x",
    "plugins": [ ]
  }
}
